[
{
  "model": "home.homepagecarouselitem",
  "pk": 5,
  "fields": {
    "sort_order": 0,
    "link_external": "",
    "link_page": null,
    "link_document": null,
    "image": 7,
    "embed_url": "",
    "caption": "",
    "page": 6
  }
},
{
  "model": "home.homepagecarouselitem",
  "pk": 6,
  "fields": {
    "sort_order": 1,
    "link_external": "",
    "link_page": null,
    "link_document": null,
    "image": 5,
    "embed_url": "",
    "caption": "",
    "page": 6
  }
},
{
  "model": "home.homepagecarouselitem",
  "pk": 7,
  "fields": {
    "sort_order": 2,
    "link_external": "",
    "link_page": null,
    "link_document": null,
    "image": 6,
    "embed_url": "",
    "caption": "",
    "page": 6
  }
},
{
  "model": "home.homepagecarouselitem",
  "pk": 8,
  "fields": {
    "sort_order": 3,
    "link_external": "",
    "link_page": null,
    "link_document": null,
    "image": 4,
    "embed_url": "",
    "caption": "",
    "page": 6
  }
},
{
  "model": "wagtailimages.filter",
  "pk": 1,
  "fields": {
    "spec": "max-165x165"
  }
},
{
  "model": "wagtailimages.filter",
  "pk": 2,
  "fields": {
    "spec": "width-1000"
  }
},
{
  "model": "wagtailimages.filter",
  "pk": 3,
  "fields": {
    "spec": "original"
  }
},
{
  "model": "wagtailimages.filter",
  "pk": 4,
  "fields": {
    "spec": "max-800x600"
  }
},
{
  "model": "wagtailimages.rendition",
  "pk": 9,
  "fields": {
    "filter": 1,
    "filter_spec": "max-165x165",
    "file": "images/1.max-165x165.jpg",
    "width": 165,
    "height": 110,
    "focal_point_key": "",
    "image": 3
  }
},
{
  "model": "wagtailimages.rendition",
  "pk": 10,
  "fields": {
    "filter": 1,
    "filter_spec": "max-165x165",
    "file": "images/2.max-165x165.jpg",
    "width": 165,
    "height": 110,
    "focal_point_key": "",
    "image": 4
  }
},
{
  "model": "wagtailimages.rendition",
  "pk": 11,
  "fields": {
    "filter": 1,
    "filter_spec": "max-165x165",
    "file": "images/3.max-165x165.jpg",
    "width": 165,
    "height": 110,
    "focal_point_key": "",
    "image": 5
  }
},
{
  "model": "wagtailimages.rendition",
  "pk": 12,
  "fields": {
    "filter": 1,
    "filter_spec": "max-165x165",
    "file": "images/4.max-165x165.jpg",
    "width": 165,
    "height": 110,
    "focal_point_key": "",
    "image": 6
  }
},
{
  "model": "wagtailimages.rendition",
  "pk": 13,
  "fields": {
    "filter": 1,
    "filter_spec": "max-165x165",
    "file": "images/8.max-165x165.jpg",
    "width": 165,
    "height": 110,
    "focal_point_key": "",
    "image": 7
  }
},
{
  "model": "wagtailimages.rendition",
  "pk": 14,
  "fields": {
    "filter": 2,
    "filter_spec": "width-1000",
    "file": "images/3.width-1000.jpg",
    "width": 748,
    "height": 501,
    "focal_point_key": "",
    "image": 5
  }
},
{
  "model": "wagtailimages.rendition",
  "pk": 15,
  "fields": {
    "filter": 2,
    "filter_spec": "width-1000",
    "file": "images/1.width-1000.jpg",
    "width": 748,
    "height": 501,
    "focal_point_key": "",
    "image": 3
  }
},
{
  "model": "wagtailimages.rendition",
  "pk": 16,
  "fields": {
    "filter": 2,
    "filter_spec": "width-1000",
    "file": "images/2.width-1000.jpg",
    "width": 748,
    "height": 501,
    "focal_point_key": "",
    "image": 4
  }
},
{
  "model": "wagtailimages.rendition",
  "pk": 17,
  "fields": {
    "filter": 2,
    "filter_spec": "width-1000",
    "file": "images/4.width-1000.jpg",
    "width": 748,
    "height": 501,
    "focal_point_key": "",
    "image": 6
  }
},
{
  "model": "wagtailimages.rendition",
  "pk": 18,
  "fields": {
    "filter": 2,
    "filter_spec": "width-1000",
    "file": "images/8.width-1000.jpg",
    "width": 748,
    "height": 501,
    "focal_point_key": "",
    "image": 7
  }
},
{
  "model": "wagtailcore.site",
  "pk": 3,
  "fields": {
    "hostname": "aspargesgaarden.no",
    "port": 80,
    "site_name": "Aspargesg\u00e5rden",
    "root_page": 6,
    "is_default_site": true
  }
},
{
  "model": "wagtailcore.collection",
  "pk": 1,
  "fields": {
    "path": "0001",
    "depth": 1,
    "numchild": 0,
    "name": "Root"
  }
},
{
  "model": "contenttypes.contenttype",
  "pk": 1,
  "fields": {
    "app_label": "wagtailcore",
    "model": "page"
  }
},
{
  "model": "contenttypes.contenttype",
  "pk": 2,
  "fields": {
    "app_label": "home",
    "model": "homepage"
  }
},
{
  "model": "contenttypes.contenttype",
  "pk": 3,
  "fields": {
    "app_label": "wagtailadmin",
    "model": "admin"
  }
},
{
  "model": "contenttypes.contenttype",
  "pk": 4,
  "fields": {
    "app_label": "wagtaildocs",
    "model": "document"
  }
},
{
  "model": "contenttypes.contenttype",
  "pk": 5,
  "fields": {
    "app_label": "wagtailimages",
    "model": "image"
  }
},
{
  "model": "contenttypes.contenttype",
  "pk": 6,
  "fields": {
    "app_label": "wagtailforms",
    "model": "formsubmission"
  }
},
{
  "model": "contenttypes.contenttype",
  "pk": 7,
  "fields": {
    "app_label": "wagtailredirects",
    "model": "redirect"
  }
},
{
  "model": "contenttypes.contenttype",
  "pk": 8,
  "fields": {
    "app_label": "wagtailembeds",
    "model": "embed"
  }
},
{
  "model": "contenttypes.contenttype",
  "pk": 9,
  "fields": {
    "app_label": "wagtailusers",
    "model": "userprofile"
  }
},
{
  "model": "contenttypes.contenttype",
  "pk": 10,
  "fields": {
    "app_label": "wagtailimages",
    "model": "rendition"
  }
},
{
  "model": "contenttypes.contenttype",
  "pk": 11,
  "fields": {
    "app_label": "wagtailimages",
    "model": "filter"
  }
},
{
  "model": "contenttypes.contenttype",
  "pk": 12,
  "fields": {
    "app_label": "wagtailsearch",
    "model": "querydailyhits"
  }
},
{
  "model": "contenttypes.contenttype",
  "pk": 13,
  "fields": {
    "app_label": "wagtailsearch",
    "model": "query"
  }
},
{
  "model": "contenttypes.contenttype",
  "pk": 14,
  "fields": {
    "app_label": "wagtailcore",
    "model": "groupcollectionpermission"
  }
},
{
  "model": "contenttypes.contenttype",
  "pk": 15,
  "fields": {
    "app_label": "wagtailcore",
    "model": "site"
  }
},
{
  "model": "contenttypes.contenttype",
  "pk": 16,
  "fields": {
    "app_label": "wagtailcore",
    "model": "collection"
  }
},
{
  "model": "contenttypes.contenttype",
  "pk": 17,
  "fields": {
    "app_label": "wagtailcore",
    "model": "pagerevision"
  }
},
{
  "model": "contenttypes.contenttype",
  "pk": 18,
  "fields": {
    "app_label": "wagtailcore",
    "model": "grouppagepermission"
  }
},
{
  "model": "contenttypes.contenttype",
  "pk": 19,
  "fields": {
    "app_label": "wagtailcore",
    "model": "pageviewrestriction"
  }
},
{
  "model": "contenttypes.contenttype",
  "pk": 20,
  "fields": {
    "app_label": "taggit",
    "model": "tag"
  }
},
{
  "model": "contenttypes.contenttype",
  "pk": 21,
  "fields": {
    "app_label": "taggit",
    "model": "taggeditem"
  }
},
{
  "model": "contenttypes.contenttype",
  "pk": 22,
  "fields": {
    "app_label": "admin",
    "model": "logentry"
  }
},
{
  "model": "contenttypes.contenttype",
  "pk": 23,
  "fields": {
    "app_label": "auth",
    "model": "group"
  }
},
{
  "model": "contenttypes.contenttype",
  "pk": 24,
  "fields": {
    "app_label": "auth",
    "model": "user"
  }
},
{
  "model": "contenttypes.contenttype",
  "pk": 25,
  "fields": {
    "app_label": "auth",
    "model": "permission"
  }
},
{
  "model": "contenttypes.contenttype",
  "pk": 26,
  "fields": {
    "app_label": "contenttypes",
    "model": "contenttype"
  }
},
{
  "model": "contenttypes.contenttype",
  "pk": 27,
  "fields": {
    "app_label": "sessions",
    "model": "session"
  }
},
{
  "model": "contenttypes.contenttype",
  "pk": 28,
  "fields": {
    "app_label": "home",
    "model": "homepagerelatedlink"
  }
},
{
  "model": "contenttypes.contenttype",
  "pk": 29,
  "fields": {
    "app_label": "home",
    "model": "homepagecarouselitem"
  }
},
{
  "model": "sessions.session",
  "pk": "a2xlrtf05nso4dqj9hkezlgtma4efedo",
  "fields": {
    "session_data": "MDc1NjQyM2VmZjI1YjM4ODdlODlmODNjMjM4M2QyNDVlZTY4MTIzNzp7Il9hdXRoX3VzZXJfaGFzaCI6IjlkMWQxNjk5NjgxMDllZTBkYjE0ZmFlNzYwNDcxZDgzMTYzNmJkOGYiLCJfYXV0aF91c2VyX2JhY2tlbmQiOiJkamFuZ28uY29udHJpYi5hdXRoLmJhY2tlbmRzLk1vZGVsQmFja2VuZCIsIl9hdXRoX3VzZXJfaWQiOiIxIn0=",
    "expire_date": "2016-11-21T21:01:42.862Z"
  }
},
{
  "model": "auth.permission",
  "pk": 1,
  "fields": {
    "name": "Can access Wagtail admin",
    "content_type": 3,
    "codename": "access_admin"
  }
},
{
  "model": "auth.permission",
  "pk": 2,
  "fields": {
    "name": "Can add document",
    "content_type": 4,
    "codename": "add_document"
  }
},
{
  "model": "auth.permission",
  "pk": 3,
  "fields": {
    "name": "Can change document",
    "content_type": 4,
    "codename": "change_document"
  }
},
{
  "model": "auth.permission",
  "pk": 4,
  "fields": {
    "name": "Can delete document",
    "content_type": 4,
    "codename": "delete_document"
  }
},
{
  "model": "auth.permission",
  "pk": 5,
  "fields": {
    "name": "Can add image",
    "content_type": 5,
    "codename": "add_image"
  }
},
{
  "model": "auth.permission",
  "pk": 6,
  "fields": {
    "name": "Can change image",
    "content_type": 5,
    "codename": "change_image"
  }
},
{
  "model": "auth.permission",
  "pk": 7,
  "fields": {
    "name": "Can delete image",
    "content_type": 5,
    "codename": "delete_image"
  }
},
{
  "model": "auth.permission",
  "pk": 8,
  "fields": {
    "name": "Can add home page",
    "content_type": 2,
    "codename": "add_homepage"
  }
},
{
  "model": "auth.permission",
  "pk": 9,
  "fields": {
    "name": "Can change home page",
    "content_type": 2,
    "codename": "change_homepage"
  }
},
{
  "model": "auth.permission",
  "pk": 10,
  "fields": {
    "name": "Can delete home page",
    "content_type": 2,
    "codename": "delete_homepage"
  }
},
{
  "model": "auth.permission",
  "pk": 11,
  "fields": {
    "name": "Can add form submission",
    "content_type": 6,
    "codename": "add_formsubmission"
  }
},
{
  "model": "auth.permission",
  "pk": 12,
  "fields": {
    "name": "Can change form submission",
    "content_type": 6,
    "codename": "change_formsubmission"
  }
},
{
  "model": "auth.permission",
  "pk": 13,
  "fields": {
    "name": "Can delete form submission",
    "content_type": 6,
    "codename": "delete_formsubmission"
  }
},
{
  "model": "auth.permission",
  "pk": 14,
  "fields": {
    "name": "Can add redirect",
    "content_type": 7,
    "codename": "add_redirect"
  }
},
{
  "model": "auth.permission",
  "pk": 15,
  "fields": {
    "name": "Can change redirect",
    "content_type": 7,
    "codename": "change_redirect"
  }
},
{
  "model": "auth.permission",
  "pk": 16,
  "fields": {
    "name": "Can delete redirect",
    "content_type": 7,
    "codename": "delete_redirect"
  }
},
{
  "model": "auth.permission",
  "pk": 17,
  "fields": {
    "name": "Can add embed",
    "content_type": 8,
    "codename": "add_embed"
  }
},
{
  "model": "auth.permission",
  "pk": 18,
  "fields": {
    "name": "Can change embed",
    "content_type": 8,
    "codename": "change_embed"
  }
},
{
  "model": "auth.permission",
  "pk": 19,
  "fields": {
    "name": "Can delete embed",
    "content_type": 8,
    "codename": "delete_embed"
  }
},
{
  "model": "auth.permission",
  "pk": 20,
  "fields": {
    "name": "Can add user profile",
    "content_type": 9,
    "codename": "add_userprofile"
  }
},
{
  "model": "auth.permission",
  "pk": 21,
  "fields": {
    "name": "Can change user profile",
    "content_type": 9,
    "codename": "change_userprofile"
  }
},
{
  "model": "auth.permission",
  "pk": 22,
  "fields": {
    "name": "Can delete user profile",
    "content_type": 9,
    "codename": "delete_userprofile"
  }
},
{
  "model": "auth.permission",
  "pk": 23,
  "fields": {
    "name": "Can add rendition",
    "content_type": 10,
    "codename": "add_rendition"
  }
},
{
  "model": "auth.permission",
  "pk": 24,
  "fields": {
    "name": "Can change rendition",
    "content_type": 10,
    "codename": "change_rendition"
  }
},
{
  "model": "auth.permission",
  "pk": 25,
  "fields": {
    "name": "Can delete rendition",
    "content_type": 10,
    "codename": "delete_rendition"
  }
},
{
  "model": "auth.permission",
  "pk": 26,
  "fields": {
    "name": "Can add filter",
    "content_type": 11,
    "codename": "add_filter"
  }
},
{
  "model": "auth.permission",
  "pk": 27,
  "fields": {
    "name": "Can change filter",
    "content_type": 11,
    "codename": "change_filter"
  }
},
{
  "model": "auth.permission",
  "pk": 28,
  "fields": {
    "name": "Can delete filter",
    "content_type": 11,
    "codename": "delete_filter"
  }
},
{
  "model": "auth.permission",
  "pk": 29,
  "fields": {
    "name": "Can add Query Daily Hits",
    "content_type": 12,
    "codename": "add_querydailyhits"
  }
},
{
  "model": "auth.permission",
  "pk": 30,
  "fields": {
    "name": "Can change Query Daily Hits",
    "content_type": 12,
    "codename": "change_querydailyhits"
  }
},
{
  "model": "auth.permission",
  "pk": 31,
  "fields": {
    "name": "Can delete Query Daily Hits",
    "content_type": 12,
    "codename": "delete_querydailyhits"
  }
},
{
  "model": "auth.permission",
  "pk": 32,
  "fields": {
    "name": "Can add query",
    "content_type": 13,
    "codename": "add_query"
  }
},
{
  "model": "auth.permission",
  "pk": 33,
  "fields": {
    "name": "Can change query",
    "content_type": 13,
    "codename": "change_query"
  }
},
{
  "model": "auth.permission",
  "pk": 34,
  "fields": {
    "name": "Can delete query",
    "content_type": 13,
    "codename": "delete_query"
  }
},
{
  "model": "auth.permission",
  "pk": 35,
  "fields": {
    "name": "Can add page",
    "content_type": 1,
    "codename": "add_page"
  }
},
{
  "model": "auth.permission",
  "pk": 36,
  "fields": {
    "name": "Can change page",
    "content_type": 1,
    "codename": "change_page"
  }
},
{
  "model": "auth.permission",
  "pk": 37,
  "fields": {
    "name": "Can delete page",
    "content_type": 1,
    "codename": "delete_page"
  }
},
{
  "model": "auth.permission",
  "pk": 38,
  "fields": {
    "name": "Can add group collection permission",
    "content_type": 14,
    "codename": "add_groupcollectionpermission"
  }
},
{
  "model": "auth.permission",
  "pk": 39,
  "fields": {
    "name": "Can change group collection permission",
    "content_type": 14,
    "codename": "change_groupcollectionpermission"
  }
},
{
  "model": "auth.permission",
  "pk": 40,
  "fields": {
    "name": "Can delete group collection permission",
    "content_type": 14,
    "codename": "delete_groupcollectionpermission"
  }
},
{
  "model": "auth.permission",
  "pk": 41,
  "fields": {
    "name": "Can add site",
    "content_type": 15,
    "codename": "add_site"
  }
},
{
  "model": "auth.permission",
  "pk": 42,
  "fields": {
    "name": "Can change site",
    "content_type": 15,
    "codename": "change_site"
  }
},
{
  "model": "auth.permission",
  "pk": 43,
  "fields": {
    "name": "Can delete site",
    "content_type": 15,
    "codename": "delete_site"
  }
},
{
  "model": "auth.permission",
  "pk": 44,
  "fields": {
    "name": "Can add collection",
    "content_type": 16,
    "codename": "add_collection"
  }
},
{
  "model": "auth.permission",
  "pk": 45,
  "fields": {
    "name": "Can change collection",
    "content_type": 16,
    "codename": "change_collection"
  }
},
{
  "model": "auth.permission",
  "pk": 46,
  "fields": {
    "name": "Can delete collection",
    "content_type": 16,
    "codename": "delete_collection"
  }
},
{
  "model": "auth.permission",
  "pk": 47,
  "fields": {
    "name": "Can add page revision",
    "content_type": 17,
    "codename": "add_pagerevision"
  }
},
{
  "model": "auth.permission",
  "pk": 48,
  "fields": {
    "name": "Can change page revision",
    "content_type": 17,
    "codename": "change_pagerevision"
  }
},
{
  "model": "auth.permission",
  "pk": 49,
  "fields": {
    "name": "Can delete page revision",
    "content_type": 17,
    "codename": "delete_pagerevision"
  }
},
{
  "model": "auth.permission",
  "pk": 50,
  "fields": {
    "name": "Can add group page permission",
    "content_type": 18,
    "codename": "add_grouppagepermission"
  }
},
{
  "model": "auth.permission",
  "pk": 51,
  "fields": {
    "name": "Can change group page permission",
    "content_type": 18,
    "codename": "change_grouppagepermission"
  }
},
{
  "model": "auth.permission",
  "pk": 52,
  "fields": {
    "name": "Can delete group page permission",
    "content_type": 18,
    "codename": "delete_grouppagepermission"
  }
},
{
  "model": "auth.permission",
  "pk": 53,
  "fields": {
    "name": "Can add page view restriction",
    "content_type": 19,
    "codename": "add_pageviewrestriction"
  }
},
{
  "model": "auth.permission",
  "pk": 54,
  "fields": {
    "name": "Can change page view restriction",
    "content_type": 19,
    "codename": "change_pageviewrestriction"
  }
},
{
  "model": "auth.permission",
  "pk": 55,
  "fields": {
    "name": "Can delete page view restriction",
    "content_type": 19,
    "codename": "delete_pageviewrestriction"
  }
},
{
  "model": "auth.permission",
  "pk": 56,
  "fields": {
    "name": "Can add Tag",
    "content_type": 20,
    "codename": "add_tag"
  }
},
{
  "model": "auth.permission",
  "pk": 57,
  "fields": {
    "name": "Can change Tag",
    "content_type": 20,
    "codename": "change_tag"
  }
},
{
  "model": "auth.permission",
  "pk": 58,
  "fields": {
    "name": "Can delete Tag",
    "content_type": 20,
    "codename": "delete_tag"
  }
},
{
  "model": "auth.permission",
  "pk": 59,
  "fields": {
    "name": "Can add Tagged Item",
    "content_type": 21,
    "codename": "add_taggeditem"
  }
},
{
  "model": "auth.permission",
  "pk": 60,
  "fields": {
    "name": "Can change Tagged Item",
    "content_type": 21,
    "codename": "change_taggeditem"
  }
},
{
  "model": "auth.permission",
  "pk": 61,
  "fields": {
    "name": "Can delete Tagged Item",
    "content_type": 21,
    "codename": "delete_taggeditem"
  }
},
{
  "model": "auth.permission",
  "pk": 62,
  "fields": {
    "name": "Can add log entry",
    "content_type": 22,
    "codename": "add_logentry"
  }
},
{
  "model": "auth.permission",
  "pk": 63,
  "fields": {
    "name": "Can change log entry",
    "content_type": 22,
    "codename": "change_logentry"
  }
},
{
  "model": "auth.permission",
  "pk": 64,
  "fields": {
    "name": "Can delete log entry",
    "content_type": 22,
    "codename": "delete_logentry"
  }
},
{
  "model": "auth.permission",
  "pk": 65,
  "fields": {
    "name": "Can add group",
    "content_type": 23,
    "codename": "add_group"
  }
},
{
  "model": "auth.permission",
  "pk": 66,
  "fields": {
    "name": "Can change group",
    "content_type": 23,
    "codename": "change_group"
  }
},
{
  "model": "auth.permission",
  "pk": 67,
  "fields": {
    "name": "Can delete group",
    "content_type": 23,
    "codename": "delete_group"
  }
},
{
  "model": "auth.permission",
  "pk": 68,
  "fields": {
    "name": "Can add user",
    "content_type": 24,
    "codename": "add_user"
  }
},
{
  "model": "auth.permission",
  "pk": 69,
  "fields": {
    "name": "Can change user",
    "content_type": 24,
    "codename": "change_user"
  }
},
{
  "model": "auth.permission",
  "pk": 70,
  "fields": {
    "name": "Can delete user",
    "content_type": 24,
    "codename": "delete_user"
  }
},
{
  "model": "auth.permission",
  "pk": 71,
  "fields": {
    "name": "Can add permission",
    "content_type": 25,
    "codename": "add_permission"
  }
},
{
  "model": "auth.permission",
  "pk": 72,
  "fields": {
    "name": "Can change permission",
    "content_type": 25,
    "codename": "change_permission"
  }
},
{
  "model": "auth.permission",
  "pk": 73,
  "fields": {
    "name": "Can delete permission",
    "content_type": 25,
    "codename": "delete_permission"
  }
},
{
  "model": "auth.permission",
  "pk": 74,
  "fields": {
    "name": "Can add content type",
    "content_type": 26,
    "codename": "add_contenttype"
  }
},
{
  "model": "auth.permission",
  "pk": 75,
  "fields": {
    "name": "Can change content type",
    "content_type": 26,
    "codename": "change_contenttype"
  }
},
{
  "model": "auth.permission",
  "pk": 76,
  "fields": {
    "name": "Can delete content type",
    "content_type": 26,
    "codename": "delete_contenttype"
  }
},
{
  "model": "auth.permission",
  "pk": 77,
  "fields": {
    "name": "Can add session",
    "content_type": 27,
    "codename": "add_session"
  }
},
{
  "model": "auth.permission",
  "pk": 78,
  "fields": {
    "name": "Can change session",
    "content_type": 27,
    "codename": "change_session"
  }
},
{
  "model": "auth.permission",
  "pk": 79,
  "fields": {
    "name": "Can delete session",
    "content_type": 27,
    "codename": "delete_session"
  }
},
{
  "model": "auth.permission",
  "pk": 80,
  "fields": {
    "name": "Can add home page related link",
    "content_type": 28,
    "codename": "add_homepagerelatedlink"
  }
},
{
  "model": "auth.permission",
  "pk": 81,
  "fields": {
    "name": "Can change home page related link",
    "content_type": 28,
    "codename": "change_homepagerelatedlink"
  }
},
{
  "model": "auth.permission",
  "pk": 82,
  "fields": {
    "name": "Can delete home page related link",
    "content_type": 28,
    "codename": "delete_homepagerelatedlink"
  }
},
{
  "model": "auth.permission",
  "pk": 83,
  "fields": {
    "name": "Can add home page carousel item",
    "content_type": 29,
    "codename": "add_homepagecarouselitem"
  }
},
{
  "model": "auth.permission",
  "pk": 84,
  "fields": {
    "name": "Can change home page carousel item",
    "content_type": 29,
    "codename": "change_homepagecarouselitem"
  }
},
{
  "model": "auth.permission",
  "pk": 85,
  "fields": {
    "name": "Can delete home page carousel item",
    "content_type": 29,
    "codename": "delete_homepagecarouselitem"
  }
},
{
  "model": "auth.group",
  "pk": 1,
  "fields": {
    "name": "Moderators",
    "permissions": [
      1,
      2,
      3,
      4,
      5,
      6,
      7
    ]
  }
},
{
  "model": "auth.group",
  "pk": 2,
  "fields": {
    "name": "Editors",
    "permissions": [
      1,
      2,
      3,
      4,
      5,
      6,
      7
    ]
  }
},
{
  "model": "wagtailcore.groupcollectionpermission",
  "pk": 1,
  "fields": {
    "group": 2,
    "collection": 1,
    "permission": 2
  }
},
{
  "model": "wagtailcore.groupcollectionpermission",
  "pk": 2,
  "fields": {
    "group": 1,
    "collection": 1,
    "permission": 2
  }
},
{
  "model": "wagtailcore.groupcollectionpermission",
  "pk": 3,
  "fields": {
    "group": 2,
    "collection": 1,
    "permission": 3
  }
},
{
  "model": "wagtailcore.groupcollectionpermission",
  "pk": 4,
  "fields": {
    "group": 1,
    "collection": 1,
    "permission": 3
  }
},
{
  "model": "wagtailcore.groupcollectionpermission",
  "pk": 5,
  "fields": {
    "group": 2,
    "collection": 1,
    "permission": 5
  }
},
{
  "model": "wagtailcore.groupcollectionpermission",
  "pk": 6,
  "fields": {
    "group": 1,
    "collection": 1,
    "permission": 5
  }
},
{
  "model": "wagtailcore.groupcollectionpermission",
  "pk": 7,
  "fields": {
    "group": 2,
    "collection": 1,
    "permission": 6
  }
},
{
  "model": "wagtailcore.groupcollectionpermission",
  "pk": 8,
  "fields": {
    "group": 1,
    "collection": 1,
    "permission": 6
  }
},
{
  "model": "wagtailcore.grouppagepermission",
  "pk": 1,
  "fields": {
    "group": 1,
    "page": 1,
    "permission_type": "add"
  }
},
{
  "model": "wagtailcore.grouppagepermission",
  "pk": 2,
  "fields": {
    "group": 1,
    "page": 1,
    "permission_type": "edit"
  }
},
{
  "model": "wagtailcore.grouppagepermission",
  "pk": 3,
  "fields": {
    "group": 1,
    "page": 1,
    "permission_type": "publish"
  }
},
{
  "model": "wagtailcore.grouppagepermission",
  "pk": 4,
  "fields": {
    "group": 2,
    "page": 1,
    "permission_type": "add"
  }
},
{
  "model": "wagtailcore.grouppagepermission",
  "pk": 5,
  "fields": {
    "group": 2,
    "page": 1,
    "permission_type": "edit"
  }
},
{
  "model": "wagtailcore.grouppagepermission",
  "pk": 6,
  "fields": {
    "group": 1,
    "page": 1,
    "permission_type": "lock"
  }
},
{
  "model": "wagtailcore.pagerevision",
  "pk": 11,
  "fields": {
    "page": 5,
    "submitted_for_moderation": false,
    "created_at": "2016-11-14T18:28:26.562Z",
    "user": 1,
    "content_json": "{\"title\": \"Kalender\", \"owner\": 1, \"body\": \"[{\\\"type\\\": \\\"h1\\\", \\\"value\\\": \\\"Kalender\\\"}]\", \"carousel_items\": [], \"go_live_at\": null, \"url_path\": \"/kalender/\", \"pk\": 5, \"expired\": false, \"slug\": \"kalender\", \"has_unpublished_changes\": false, \"expire_at\": null, \"path\": \"00010002\", \"live\": true, \"related_links\": [], \"depth\": 2, \"show_in_menus\": true, \"seo_title\": \"\", \"latest_revision_created_at\": null, \"search_description\": \"\", \"first_published_at\": null, \"locked\": false, \"content_type\": 2, \"numchild\": 0}",
    "approved_go_live_at": null
  }
},
{
  "model": "wagtailcore.pagerevision",
  "pk": 12,
  "fields": {
    "page": 6,
    "submitted_for_moderation": false,
    "created_at": "2016-11-14T18:31:46.264Z",
    "user": 1,
    "content_json": "{\"title\": \"Hjem\", \"owner\": 1, \"body\": \"[{\\\"type\\\": \\\"h1\\\", \\\"value\\\": \\\"Velkommen til Aspargesg\\\\u00e5rden!\\\"}, {\\\"type\\\": \\\"paragraph\\\", \\\"value\\\": \\\"<p>Utleie av lekre selskapslokaler med mange fasiliteter i idylliske omgivelser ned mot Viksfjord.\\\\u00a0</p>\\\"}]\", \"carousel_items\": [{\"pk\": 5, \"embed_url\": \"\", \"sort_order\": 0, \"caption\": \"\", \"link_document\": null, \"image\": 7, \"link_external\": \"\", \"page\": 6, \"link_page\": null}, {\"pk\": 6, \"embed_url\": \"\", \"sort_order\": 1, \"caption\": \"\", \"link_document\": null, \"image\": 5, \"link_external\": \"\", \"page\": 6, \"link_page\": null}, {\"pk\": 7, \"embed_url\": \"\", \"sort_order\": 2, \"caption\": \"\", \"link_document\": null, \"image\": 6, \"link_external\": \"\", \"page\": 6, \"link_page\": null}, {\"pk\": 8, \"embed_url\": \"\", \"sort_order\": 3, \"caption\": \"\", \"link_document\": null, \"image\": 4, \"link_external\": \"\", \"page\": 6, \"link_page\": null}], \"go_live_at\": null, \"url_path\": \"/hjem/\", \"pk\": 6, \"expired\": false, \"slug\": \"hjem\", \"has_unpublished_changes\": false, \"expire_at\": null, \"path\": \"00010003\", \"live\": true, \"related_links\": [], \"depth\": 2, \"show_in_menus\": false, \"seo_title\": \"\", \"latest_revision_created_at\": null, \"search_description\": \"\", \"first_published_at\": null, \"locked\": false, \"content_type\": 2, \"numchild\": 0}",
    "approved_go_live_at": null
  }
},
{
  "model": "wagtailcore.pagerevision",
  "pk": 13,
  "fields": {
    "page": 6,
    "submitted_for_moderation": false,
    "created_at": "2016-11-14T18:32:32.738Z",
    "user": 1,
    "content_json": "{\"title\": \"Hjem\", \"owner\": 1, \"body\": \"[{\\\"type\\\": \\\"h1\\\", \\\"value\\\": \\\"Velkommen til Aspargesg\\\\u00e5rden!\\\"}, {\\\"type\\\": \\\"paragraph\\\", \\\"value\\\": \\\"<p>Utleie av lekre selskapslokaler med mange fasiliteter i idylliske omgivelser ned mot Viksfjord.\\\\u00a0</p>\\\"}]\", \"carousel_items\": [{\"pk\": 5, \"embed_url\": \"\", \"sort_order\": 0, \"caption\": \"\", \"link_document\": null, \"image\": 7, \"link_external\": \"\", \"page\": 6, \"link_page\": null}, {\"pk\": 6, \"embed_url\": \"\", \"sort_order\": 1, \"caption\": \"\", \"link_document\": null, \"image\": 5, \"link_external\": \"\", \"page\": 6, \"link_page\": null}, {\"pk\": 7, \"embed_url\": \"\", \"sort_order\": 2, \"caption\": \"\", \"link_document\": null, \"image\": 6, \"link_external\": \"\", \"page\": 6, \"link_page\": null}, {\"pk\": 8, \"embed_url\": \"\", \"sort_order\": 3, \"caption\": \"\", \"link_document\": null, \"image\": 4, \"link_external\": \"\", \"page\": 6, \"link_page\": null}], \"go_live_at\": null, \"url_path\": \"/hjem/\", \"pk\": 6, \"expired\": false, \"slug\": \"hjem\", \"has_unpublished_changes\": false, \"expire_at\": null, \"path\": \"00010003\", \"live\": true, \"related_links\": [], \"depth\": 2, \"show_in_menus\": true, \"seo_title\": \"\", \"latest_revision_created_at\": \"2016-11-14T18:31:46.264Z\", \"search_description\": \"\", \"first_published_at\": \"2016-11-14T18:31:46.281Z\", \"locked\": false, \"content_type\": 2, \"numchild\": 0}",
    "approved_go_live_at": null
  }
},
{
  "model": "wagtailcore.pagerevision",
  "pk": 14,
  "fields": {
    "page": 6,
    "submitted_for_moderation": false,
    "created_at": "2016-11-14T18:32:37.511Z",
    "user": 1,
    "content_json": "{\"title\": \"Hjem\", \"owner\": 1, \"body\": \"[{\\\"type\\\": \\\"h1\\\", \\\"value\\\": \\\"Velkommen til Aspargesg\\\\u00e5rden!\\\"}, {\\\"type\\\": \\\"paragraph\\\", \\\"value\\\": \\\"<p>Utleie av lekre selskapslokaler med mange fasiliteter i idylliske omgivelser ned mot Viksfjord.\\\\u00a0</p>\\\"}]\", \"carousel_items\": [{\"pk\": 5, \"embed_url\": \"\", \"sort_order\": 0, \"caption\": \"\", \"link_document\": null, \"image\": 7, \"link_external\": \"\", \"page\": null, \"link_page\": null}, {\"pk\": 6, \"embed_url\": \"\", \"sort_order\": 1, \"caption\": \"\", \"link_document\": null, \"image\": 5, \"link_external\": \"\", \"page\": null, \"link_page\": null}, {\"pk\": 7, \"embed_url\": \"\", \"sort_order\": 2, \"caption\": \"\", \"link_document\": null, \"image\": 6, \"link_external\": \"\", \"page\": null, \"link_page\": null}, {\"pk\": 8, \"embed_url\": \"\", \"sort_order\": 3, \"caption\": \"\", \"link_document\": null, \"image\": 4, \"link_external\": \"\", \"page\": null, \"link_page\": null}], \"go_live_at\": null, \"url_path\": \"/hjem/\", \"pk\": 6, \"expired\": false, \"slug\": \"hjem\", \"has_unpublished_changes\": true, \"expire_at\": null, \"path\": \"00010003\", \"live\": true, \"related_links\": [], \"depth\": 2, \"show_in_menus\": true, \"seo_title\": \"\", \"latest_revision_created_at\": \"2016-11-14T18:32:32.738Z\", \"search_description\": \"\", \"first_published_at\": \"2016-11-14T18:31:46.281Z\", \"locked\": false, \"content_type\": 2, \"numchild\": 0}",
    "approved_go_live_at": null
  }
},
{
  "model": "wagtailcore.pagerevision",
  "pk": 15,
  "fields": {
    "page": 7,
    "submitted_for_moderation": false,
    "created_at": "2016-11-14T18:54:30.206Z",
    "user": 1,
    "content_json": "{\"title\": \"Informasjon\", \"body\": \"[{\\\"value\\\": \\\"Informasjon\\\", \\\"type\\\": \\\"h1\\\"}]\", \"seo_title\": \"\", \"latest_revision_created_at\": null, \"numchild\": 0, \"related_links\": [], \"show_in_menus\": true, \"search_description\": \"\", \"url_path\": \"/hjem/informasjon/\", \"owner\": 1, \"expired\": false, \"go_live_at\": null, \"content_type\": 2, \"depth\": 3, \"first_published_at\": null, \"live\": true, \"locked\": false, \"path\": \"000100030001\", \"carousel_items\": [], \"pk\": 7, \"slug\": \"informasjon\", \"expire_at\": null, \"has_unpublished_changes\": false}",
    "approved_go_live_at": null
  }
},
{
  "model": "wagtailcore.pagerevision",
  "pk": 16,
  "fields": {
    "page": 8,
    "submitted_for_moderation": false,
    "created_at": "2016-11-14T18:55:14.050Z",
    "user": 1,
    "content_json": "{\"title\": \"Kontakt oss\", \"body\": \"[{\\\"value\\\": \\\"Kontakt oss\\\", \\\"type\\\": \\\"h1\\\"}]\", \"seo_title\": \"\", \"latest_revision_created_at\": null, \"numchild\": 0, \"related_links\": [], \"show_in_menus\": true, \"search_description\": \"\", \"url_path\": \"/hjem/kontakt-oss/\", \"owner\": 1, \"expired\": false, \"go_live_at\": null, \"content_type\": 2, \"depth\": 3, \"first_published_at\": null, \"live\": false, \"locked\": false, \"path\": \"000100030003\", \"carousel_items\": [], \"pk\": 8, \"slug\": \"kontakt-oss\", \"expire_at\": null, \"has_unpublished_changes\": false}",
    "approved_go_live_at": null
  }
},
{
  "model": "wagtailcore.pagerevision",
  "pk": 17,
  "fields": {
    "page": 8,
    "submitted_for_moderation": false,
    "created_at": "2016-11-14T18:55:26.999Z",
    "user": 1,
    "content_json": "{\"title\": \"Kontakt oss\", \"body\": \"[{\\\"value\\\": \\\"Kontakt oss\\\", \\\"type\\\": \\\"h1\\\"}]\", \"seo_title\": \"\", \"latest_revision_created_at\": \"2016-11-14T18:55:14.050Z\", \"numchild\": 0, \"related_links\": [], \"show_in_menus\": true, \"search_description\": \"\", \"url_path\": \"/hjem/kontakt-oss/\", \"owner\": 1, \"expired\": false, \"go_live_at\": null, \"content_type\": 2, \"depth\": 3, \"first_published_at\": null, \"live\": false, \"locked\": false, \"path\": \"000100030003\", \"carousel_items\": [], \"pk\": 8, \"slug\": \"kontakt-oss\", \"expire_at\": null, \"has_unpublished_changes\": true}",
    "approved_go_live_at": null
  }
},
{
  "model": "wagtailcore.pagerevision",
  "pk": 18,
  "fields": {
    "page": 5,
    "submitted_for_moderation": false,
    "created_at": "2016-11-14T18:56:47.321Z",
    "user": 1,
    "content_json": "{\"title\": \"Kalender\", \"body\": \"[{\\\"value\\\": \\\"Kalender\\\", \\\"type\\\": \\\"h1\\\"}, {\\\"value\\\": {\\\"html\\\": \\\"<iframe src=\\\\\\\"https://www.google.com/calendar/embed?src=klatrerosen.no_hgf7kiksq8hrmilogq5nd6f4rs%40group.calendar.google.com&amp;ctz=Europe/Oslo\\\\\\\" style=\\\\\\\"border: 0\\\\\\\" width=\\\\\\\"620\\\\\\\" height=\\\\\\\"600\\\\\\\" frameborder=\\\\\\\"0\\\\\\\" scrolling=\\\\\\\"no\\\\\\\"></iframe>\\\", \\\"alignment\\\": \\\"normal\\\"}, \\\"type\\\": \\\"aligned_html\\\"}]\", \"seo_title\": \"\", \"latest_revision_created_at\": \"2016-11-14T18:28:26.562Z\", \"numchild\": 0, \"related_links\": [], \"show_in_menus\": true, \"search_description\": \"\", \"url_path\": \"/hjem/kalender/\", \"owner\": 1, \"expired\": false, \"go_live_at\": null, \"content_type\": 2, \"depth\": 3, \"first_published_at\": \"2016-11-14T18:28:26.576Z\", \"live\": true, \"locked\": false, \"path\": \"000100030002\", \"carousel_items\": [], \"pk\": 5, \"slug\": \"kalender\", \"expire_at\": null, \"has_unpublished_changes\": false}",
    "approved_go_live_at": null
  }
},
{
  "model": "wagtailcore.pagerevision",
  "pk": 19,
  "fields": {
    "page": 7,
    "submitted_for_moderation": false,
    "created_at": "2016-11-14T19:00:53.511Z",
    "user": 1,
    "content_json": "{\"title\": \"Informasjon\", \"body\": \"[{\\\"value\\\": \\\"Informasjon\\\", \\\"type\\\": \\\"h1\\\"}, {\\\"value\\\": \\\"<p>G\\\\u00e5rden ligger i idylliske omgivelser i Tj\\\\u00f8lling, ned mot Viksfjord. Her leier vi ut lekre selskapslokaler med mange fasiliteter.</p>\\\", \\\"type\\\": \\\"paragraph\\\"}, {\\\"value\\\": \\\"<p>Perfekt til Bryllup, Jubileum, konfirmasjoner, barned\\\\u00e5p, Julebord ol, eller m\\\\u00f8ter og konferanser av ulik art. Kontakt oss for tilbud.</p>\\\", \\\"type\\\": \\\"paragraph\\\"}, {\\\"value\\\": \\\"<p>I \\\\u201dfj\\\\u00f8set\\\\u201d kan man dekke til 68 personer. Det finnes b\\\\u00e5de musikkanlegg (Sonos) og flere TV-skjermer, slik at man kan plugge inn sin egen PC eller mobil, for musikk, filmer eller Lysbildeshow. I tilknytning er det salonger med bar, scene etc. Fremkommelighet for alle.</p>\\\", \\\"type\\\": \\\"paragraph\\\"}, {\\\"value\\\": \\\"<p>Stort kj\\\\u00f8kken med alt utstyr en kokk kan \\\\u00f8nske seg. Vi kan formidler kontakt til profesjonelle kokker og catering. Det kan lages mat p\\\\u00e5 stedet i flott storkj\\\\u00f8kken med alle fasiliteter.</p>\\\", \\\"type\\\": \\\"paragraph\\\"}, {\\\"value\\\": \\\"<p>Oppe p\\\\u00e5 l\\\\u00e5ven er det litt \\\\u201dr\\\\u00f8ffere\\\\u201d stil. Benker og bord til ca 120 personer. Her er det ogs\\\\u00e5 Bar og scene.</p>\\\", \\\"type\\\": \\\"paragraph\\\"}, {\\\"value\\\": \\\"<p>Det er rikelig med parkering.</p>\\\", \\\"type\\\": \\\"paragraph\\\"}]\", \"seo_title\": \"\", \"latest_revision_created_at\": \"2016-11-14T18:54:30.206Z\", \"numchild\": 0, \"related_links\": [], \"show_in_menus\": true, \"search_description\": \"\", \"url_path\": \"/hjem/informasjon/\", \"owner\": 1, \"expired\": false, \"go_live_at\": null, \"content_type\": 2, \"depth\": 3, \"first_published_at\": \"2016-11-14T18:54:30.215Z\", \"live\": true, \"locked\": false, \"path\": \"000100030001\", \"carousel_items\": [], \"pk\": 7, \"slug\": \"informasjon\", \"expire_at\": null, \"has_unpublished_changes\": false}",
    "approved_go_live_at": null
  }
},
{
  "model": "wagtailcore.pagerevision",
  "pk": 20,
  "fields": {
    "page": 7,
    "submitted_for_moderation": false,
    "created_at": "2016-11-14T19:04:54.167Z",
    "user": 1,
    "content_json": "{\"title\": \"Informasjon\", \"body\": \"[{\\\"value\\\": \\\"Informasjon\\\", \\\"type\\\": \\\"h1\\\"}, {\\\"value\\\": \\\"<p>G\\\\u00e5rden ligger i idylliske omgivelser i Tj\\\\u00f8lling, ned mot Viksfjord. Her leier vi ut lekre selskapslokaler med mange fasiliteter.</p>\\\", \\\"type\\\": \\\"paragraph\\\"}, {\\\"value\\\": \\\"<p>Perfekt til Bryllup, Jubileum, konfirmasjoner, barned\\\\u00e5p, Julebord ol, eller m\\\\u00f8ter og konferanser av ulik art. Kontakt oss for tilbud.</p>\\\", \\\"type\\\": \\\"paragraph\\\"}, {\\\"value\\\": \\\"<p>I \\\\u201dfj\\\\u00f8set\\\\u201d kan man dekke til 68 personer. Det finnes b\\\\u00e5de musikkanlegg (Sonos) og flere TV-skjermer, slik at man kan plugge inn sin egen PC eller mobil, for musikk, filmer eller Lysbildeshow. I tilknytning er det salonger med bar, scene etc. Fremkommelighet for alle.</p>\\\", \\\"type\\\": \\\"paragraph\\\"}, {\\\"value\\\": \\\"<p>Stort kj\\\\u00f8kken med alt utstyr en kokk kan \\\\u00f8nske seg. Vi kan formidler kontakt til profesjonelle kokker og catering. Det kan lages mat p\\\\u00e5 stedet i flott storkj\\\\u00f8kken med alle fasiliteter.</p>\\\", \\\"type\\\": \\\"paragraph\\\"}, {\\\"value\\\": \\\"<p>Oppe p\\\\u00e5 l\\\\u00e5ven er det litt \\\\u201dr\\\\u00f8ffere\\\\u201d stil. Benker og bord til ca 120 personer. Her er det ogs\\\\u00e5 bar og scene.</p>\\\", \\\"type\\\": \\\"paragraph\\\"}, {\\\"value\\\": \\\"<p>Det er rikelig med parkering.</p>\\\", \\\"type\\\": \\\"paragraph\\\"}]\", \"seo_title\": \"\", \"latest_revision_created_at\": \"2016-11-14T19:00:53.511Z\", \"numchild\": 0, \"related_links\": [], \"show_in_menus\": true, \"search_description\": \"\", \"url_path\": \"/hjem/informasjon/\", \"owner\": 1, \"expired\": false, \"go_live_at\": null, \"content_type\": 2, \"depth\": 3, \"first_published_at\": \"2016-11-14T18:54:30.215Z\", \"live\": true, \"locked\": false, \"path\": \"000100030001\", \"carousel_items\": [], \"pk\": 7, \"slug\": \"informasjon\", \"expire_at\": null, \"has_unpublished_changes\": false}",
    "approved_go_live_at": null
  }
},
{
  "model": "wagtailcore.pagerevision",
  "pk": 21,
  "fields": {
    "page": 7,
    "submitted_for_moderation": false,
    "created_at": "2016-11-14T19:07:05.978Z",
    "user": 1,
    "content_json": "{\"title\": \"Informasjon\", \"body\": \"[{\\\"value\\\": \\\"Informasjon\\\", \\\"type\\\": \\\"h1\\\"}, {\\\"value\\\": \\\"<p>G\\\\u00e5rden ligger i idylliske omgivelser i Tj\\\\u00f8lling, ned mot Viksfjord. Her leier vi ut lekre selskapslokaler med mange fasiliteter.</p>\\\", \\\"type\\\": \\\"paragraph\\\"}, {\\\"value\\\": \\\"<p>Perfekt til Bryllup, Jubileum, konfirmasjoner, barned\\\\u00e5p, Julebord ol, eller m\\\\u00f8ter og konferanser av ulik art. Kontakt oss for tilbud.</p>\\\", \\\"type\\\": \\\"paragraph\\\"}, {\\\"value\\\": \\\"<p>I \\\\u201dfj\\\\u00f8set\\\\u201d kan man dekke til 68 personer. Det finnes b\\\\u00e5de musikkanlegg (Sonos) og flere TV-skjermer, slik at man kan plugge inn sin egen PC eller mobil, for musikk, filmer eller Lysbildeshow. I tilknytning er det salonger med bar, scene etc. Fremkommelighet for alle.</p>\\\", \\\"type\\\": \\\"paragraph\\\"}, {\\\"value\\\": \\\"<p>Stort kj\\\\u00f8kken med alt utstyr en kokk kan \\\\u00f8nske seg. Vi kan formidler kontakt til profesjonelle kokker og catering. Det kan lages mat p\\\\u00e5 stedet i flott storkj\\\\u00f8kken med alle fasiliteter.</p>\\\", \\\"type\\\": \\\"paragraph\\\"}, {\\\"value\\\": \\\"<p>Oppe p\\\\u00e5 l\\\\u00e5ven er det litt \\\\u201dr\\\\u00f8ffere\\\\u201d stil. Benker og bord til ca 120 personer. Her er det ogs\\\\u00e5 bar og scene.</p>\\\", \\\"type\\\": \\\"paragraph\\\"}, {\\\"value\\\": \\\"<p>Det er rikelig med parkering.</p>\\\", \\\"type\\\": \\\"paragraph\\\"}, {\\\"value\\\": \\\"Utstyr\\\", \\\"type\\\": \\\"h2\\\"}, {\\\"value\\\": \\\"<p>Selskapslokelene er utstyrt med h\\\\u00f8ytaleranlegg som tr\\\\u00e5dl\\\\u00f8st styres gjennom en Sonos app. Leietagere kan enkelt ta med en smarttelefon eller laptop og spille musikk fra denne. I spiseomr\\\\u00e5det er det ogs\\\\u00e5 utstyrt med flatskjermer som kan brukes til visning av film eller bilder.</p>\\\", \\\"type\\\": \\\"paragraph\\\"}]\", \"seo_title\": \"\", \"latest_revision_created_at\": \"2016-11-14T19:04:54.167Z\", \"numchild\": 0, \"related_links\": [], \"show_in_menus\": true, \"search_description\": \"\", \"url_path\": \"/hjem/informasjon/\", \"owner\": 1, \"expired\": false, \"go_live_at\": null, \"content_type\": 2, \"depth\": 3, \"first_published_at\": \"2016-11-14T18:54:30.215Z\", \"live\": true, \"locked\": false, \"path\": \"000100030001\", \"carousel_items\": [], \"pk\": 7, \"slug\": \"informasjon\", \"expire_at\": null, \"has_unpublished_changes\": false}",
    "approved_go_live_at": null
  }
},
{
  "model": "wagtailcore.pagerevision",
  "pk": 22,
  "fields": {
    "page": 8,
    "submitted_for_moderation": false,
    "created_at": "2016-11-14T19:23:46.198Z",
    "user": 1,
    "content_json": "{\"title\": \"Kontakt oss\", \"body\": \"[{\\\"value\\\": \\\"Kontakt oss\\\", \\\"type\\\": \\\"h1\\\"}, {\\\"value\\\": \\\"<p>Kristine Breiland Dalby</p><p>+47 90 91 98 12</p><p>kristine@klatrerosen.no</p>\\\", \\\"type\\\": \\\"paragraph\\\"}, {\\\"value\\\": \\\"<p>\\\\u00d8stbyveien 75</p><p>3280 Tjodalyng</p>\\\", \\\"type\\\": \\\"paragraph\\\"}, {\\\"value\\\": {\\\"html\\\": \\\"<div class=\\\\\\\"fb-page\\\\\\\" \\\\r\\\\n  data-href=\\\\\\\"https://www.facebook.com/aspargesgaarden\\\\\\\"\\\\r\\\\n  data-width=\\\\\\\"380\\\\\\\" \\\\r\\\\n  data-hide-cover=\\\\\\\"false\\\\\\\"\\\\r\\\\n  data-show-facepile=\\\\\\\"false\\\\\\\" \\\\r\\\\n  data-show-posts=\\\\\\\"false\\\\\\\"></div>\\\", \\\"alignment\\\": \\\"normal\\\"}, \\\"type\\\": \\\"aligned_html\\\"}]\", \"seo_title\": \"\", \"latest_revision_created_at\": \"2016-11-14T18:55:26.999Z\", \"numchild\": 0, \"related_links\": [], \"show_in_menus\": true, \"search_description\": \"\", \"url_path\": \"/hjem/kontakt-oss/\", \"owner\": 1, \"expired\": false, \"go_live_at\": null, \"content_type\": 2, \"depth\": 3, \"first_published_at\": \"2016-11-14T18:55:27.011Z\", \"live\": true, \"locked\": false, \"path\": \"000100030003\", \"carousel_items\": [], \"pk\": 8, \"slug\": \"kontakt-oss\", \"expire_at\": null, \"has_unpublished_changes\": false}",
    "approved_go_live_at": null
  }
},
{
  "model": "wagtailcore.pagerevision",
  "pk": 23,
  "fields": {
    "page": 8,
    "submitted_for_moderation": false,
    "created_at": "2016-11-14T19:33:16.883Z",
    "user": 1,
    "content_json": "{\"title\": \"Kontakt oss\", \"body\": \"[{\\\"value\\\": \\\"Kontakt oss\\\", \\\"type\\\": \\\"h1\\\"}, {\\\"value\\\": \\\"<p>Kristine Breiland Dalby</p><p>+47 90 91 98 12</p><p>kristine@klatrerosen.no</p>\\\", \\\"type\\\": \\\"paragraph\\\"}, {\\\"value\\\": \\\"<p>\\\\u00d8stbyveien 75</p><p>3280 Tjodalyng</p>\\\", \\\"type\\\": \\\"paragraph\\\"}, {\\\"value\\\": {\\\"html\\\": \\\"<div id=\\\\\\\"fb-root\\\\\\\"></div>\\\\r\\\\n<script>(function(d, s, id) {\\\\r\\\\n  var js, fjs = d.getElementsByTagName(s)[0];\\\\r\\\\n  if (d.getElementById(id)) return;\\\\r\\\\n  js = d.createElement(s); js.id = id;\\\\r\\\\n  js.src = \\\\\\\"//connect.facebook.net/en_US/sdk.js#xfbml=1&version=v2.8&appId=1789006337982746\\\\\\\";\\\\r\\\\n  fjs.parentNode.insertBefore(js, fjs);\\\\r\\\\n}(document, 'script', 'facebook-jssdk'));</script>\\\\r\\\\n\\\\r\\\\n<div class=\\\\\\\"fb-page\\\\\\\" data-href=\\\\\\\"https://www.facebook.com/aspargesgaarden/\\\\\\\" data-tabs=\\\\\\\"timeline\\\\\\\" data-width=\\\\\\\"680\\\\\\\" data-height=\\\\\\\"300\\\\\\\" data-small-header=\\\\\\\"false\\\\\\\" data-adapt-container-width=\\\\\\\"true\\\\\\\" data-hide-cover=\\\\\\\"false\\\\\\\" data-show-facepile=\\\\\\\"true\\\\\\\"><blockquote cite=\\\\\\\"https://www.facebook.com/aspargesgaarden/\\\\\\\" class=\\\\\\\"fb-xfbml-parse-ignore\\\\\\\"><a href=\\\\\\\"https://www.facebook.com/aspargesgaarden/\\\\\\\">Aspargesg\\\\u00e5rden</a></blockquote></div>\\\", \\\"alignment\\\": \\\"normal\\\"}, \\\"type\\\": \\\"aligned_html\\\"}]\", \"seo_title\": \"\", \"latest_revision_created_at\": \"2016-11-14T19:23:46.198Z\", \"numchild\": 0, \"related_links\": [], \"show_in_menus\": true, \"search_description\": \"\", \"url_path\": \"/hjem/kontakt-oss/\", \"owner\": 1, \"expired\": false, \"go_live_at\": null, \"content_type\": 2, \"depth\": 3, \"first_published_at\": \"2016-11-14T18:55:27.011Z\", \"live\": true, \"locked\": false, \"path\": \"000100030003\", \"carousel_items\": [], \"pk\": 8, \"slug\": \"kontakt-oss\", \"expire_at\": null, \"has_unpublished_changes\": false}",
    "approved_go_live_at": null
  }
},
{
  "model": "wagtailcore.page",
  "pk": 1,
  "fields": {
    "path": "0001",
    "depth": 1,
    "numchild": 1,
    "title": "Root",
    "slug": "root",
    "content_type": 1,
    "live": true,
    "has_unpublished_changes": false,
    "url_path": "/",
    "owner": null,
    "seo_title": "",
    "show_in_menus": false,
    "search_description": "",
    "go_live_at": null,
    "expire_at": null,
    "expired": false,
    "locked": false,
    "first_published_at": null,
    "latest_revision_created_at": null
  }
},
{
  "model": "wagtailcore.page",
  "pk": 5,
  "fields": {
    "path": "000100030002",
    "depth": 3,
    "numchild": 0,
    "title": "Kalender",
    "slug": "kalender",
    "content_type": 2,
    "live": true,
    "has_unpublished_changes": false,
    "url_path": "/hjem/kalender/",
    "owner": 1,
    "seo_title": "",
    "show_in_menus": true,
    "search_description": "",
    "go_live_at": null,
    "expire_at": null,
    "expired": false,
    "locked": false,
    "first_published_at": "2016-11-14T18:28:26.576Z",
    "latest_revision_created_at": "2016-11-14T18:56:47.321Z"
  }
},
{
  "model": "wagtailcore.page",
  "pk": 6,
  "fields": {
    "path": "00010003",
    "depth": 2,
    "numchild": 3,
    "title": "Hjem",
    "slug": "hjem",
    "content_type": 2,
    "live": true,
    "has_unpublished_changes": false,
    "url_path": "/hjem/",
    "owner": 1,
    "seo_title": "",
    "show_in_menus": true,
    "search_description": "",
    "go_live_at": null,
    "expire_at": null,
    "expired": false,
    "locked": false,
    "first_published_at": "2016-11-14T18:31:46.281Z",
    "latest_revision_created_at": "2016-11-14T18:32:37.511Z"
  }
},
{
  "model": "wagtailcore.page",
  "pk": 7,
  "fields": {
    "path": "000100030001",
    "depth": 3,
    "numchild": 0,
    "title": "Informasjon",
    "slug": "informasjon",
    "content_type": 2,
    "live": true,
    "has_unpublished_changes": false,
    "url_path": "/hjem/informasjon/",
    "owner": 1,
    "seo_title": "",
    "show_in_menus": true,
    "search_description": "",
    "go_live_at": null,
    "expire_at": null,
    "expired": false,
    "locked": false,
    "first_published_at": "2016-11-14T18:54:30.215Z",
    "latest_revision_created_at": "2016-11-14T19:07:05.978Z"
  }
},
{
  "model": "wagtailcore.page",
  "pk": 8,
  "fields": {
    "path": "000100030003",
    "depth": 3,
    "numchild": 0,
    "title": "Kontakt oss",
    "slug": "kontakt-oss",
    "content_type": 2,
    "live": true,
    "has_unpublished_changes": false,
    "url_path": "/hjem/kontakt-oss/",
    "owner": 1,
    "seo_title": "",
    "show_in_menus": true,
    "search_description": "",
    "go_live_at": null,
    "expire_at": null,
    "expired": false,
    "locked": false,
    "first_published_at": "2016-11-14T18:55:27.011Z",
    "latest_revision_created_at": "2016-11-14T19:33:16.883Z"
  }
},
{
  "model": "wagtailimages.image",
  "pk": 3,
  "fields": {
    "collection": 1,
    "title": "1",
    "file": "original_images/1.jpg",
    "width": 748,
    "height": 501,
    "created_at": "2016-11-12T11:46:07.588Z",
    "uploaded_by_user": 1,
    "focal_point_x": null,
    "focal_point_y": null,
    "focal_point_width": null,
    "focal_point_height": null,
    "file_size": null
  }
},
{
  "model": "wagtailimages.image",
  "pk": 4,
  "fields": {
    "collection": 1,
    "title": "2",
    "file": "original_images/2.jpg",
    "width": 748,
    "height": 501,
    "created_at": "2016-11-12T11:46:18.506Z",
    "uploaded_by_user": 1,
    "focal_point_x": null,
    "focal_point_y": null,
    "focal_point_width": null,
    "focal_point_height": null,
    "file_size": null
  }
},
{
  "model": "wagtailimages.image",
  "pk": 5,
  "fields": {
    "collection": 1,
    "title": "3",
    "file": "original_images/3.jpg",
    "width": 748,
    "height": 501,
    "created_at": "2016-11-12T11:46:30.175Z",
    "uploaded_by_user": 1,
    "focal_point_x": null,
    "focal_point_y": null,
    "focal_point_width": null,
    "focal_point_height": null,
    "file_size": null
  }
},
{
  "model": "wagtailimages.image",
  "pk": 6,
  "fields": {
    "collection": 1,
    "title": "4",
    "file": "original_images/4.jpg",
    "width": 748,
    "height": 501,
    "created_at": "2016-11-12T11:46:40.579Z",
    "uploaded_by_user": 1,
    "focal_point_x": null,
    "focal_point_y": null,
    "focal_point_width": null,
    "focal_point_height": null,
    "file_size": null
  }
},
{
  "model": "wagtailimages.image",
  "pk": 7,
  "fields": {
    "collection": 1,
    "title": "8",
    "file": "original_images/8.jpg",
    "width": 748,
    "height": 501,
    "created_at": "2016-11-12T11:46:51.533Z",
    "uploaded_by_user": 1,
    "focal_point_x": null,
    "focal_point_y": null,
    "focal_point_width": null,
    "focal_point_height": null,
    "file_size": null
  }
},
{
  "model": "home.homepage",
  "pk": 5,
  "fields": {
    "body": "[{\"value\": \"Kalender\", \"type\": \"h1\"}, {\"value\": {\"html\": \"<iframe src=\\\"https://www.google.com/calendar/embed?src=klatrerosen.no_hgf7kiksq8hrmilogq5nd6f4rs%40group.calendar.google.com&amp;ctz=Europe/Oslo\\\" style=\\\"border: 0\\\" width=\\\"620\\\" height=\\\"600\\\" frameborder=\\\"0\\\" scrolling=\\\"no\\\"></iframe>\", \"alignment\": \"normal\"}, \"type\": \"aligned_html\"}]"
  }
},
{
  "model": "home.homepage",
  "pk": 6,
  "fields": {
    "body": "[{\"value\": \"Velkommen til Aspargesg\\u00e5rden!\", \"type\": \"h1\"}, {\"value\": \"<p>Utleie av lekre selskapslokaler med mange fasiliteter i idylliske omgivelser ned mot Viksfjord.\\u00a0</p>\", \"type\": \"paragraph\"}]"
  }
},
{
  "model": "home.homepage",
  "pk": 7,
  "fields": {
    "body": "[{\"value\": \"Informasjon\", \"type\": \"h1\"}, {\"value\": \"<p>G\\u00e5rden ligger i idylliske omgivelser i Tj\\u00f8lling, ned mot Viksfjord. Her leier vi ut lekre selskapslokaler med mange fasiliteter.</p>\", \"type\": \"paragraph\"}, {\"value\": \"<p>Perfekt til Bryllup, Jubileum, konfirmasjoner, barned\\u00e5p, Julebord ol, eller m\\u00f8ter og konferanser av ulik art. Kontakt oss for tilbud.</p>\", \"type\": \"paragraph\"}, {\"value\": \"<p>I \\u201dfj\\u00f8set\\u201d kan man dekke til 68 personer. Det finnes b\\u00e5de musikkanlegg (Sonos) og flere TV-skjermer, slik at man kan plugge inn sin egen PC eller mobil, for musikk, filmer eller Lysbildeshow. I tilknytning er det salonger med bar, scene etc. Fremkommelighet for alle.</p>\", \"type\": \"paragraph\"}, {\"value\": \"<p>Stort kj\\u00f8kken med alt utstyr en kokk kan \\u00f8nske seg. Vi kan formidler kontakt til profesjonelle kokker og catering. Det kan lages mat p\\u00e5 stedet i flott storkj\\u00f8kken med alle fasiliteter.</p>\", \"type\": \"paragraph\"}, {\"value\": \"<p>Oppe p\\u00e5 l\\u00e5ven er det litt \\u201dr\\u00f8ffere\\u201d stil. Benker og bord til ca 120 personer. Her er det ogs\\u00e5 bar og scene.</p>\", \"type\": \"paragraph\"}, {\"value\": \"<p>Det er rikelig med parkering.</p>\", \"type\": \"paragraph\"}, {\"value\": \"Utstyr\", \"type\": \"h2\"}, {\"value\": \"<p>Selskapslokelene er utstyrt med h\\u00f8ytaleranlegg som tr\\u00e5dl\\u00f8st styres gjennom en Sonos app. Leietagere kan enkelt ta med en smarttelefon eller laptop og spille musikk fra denne. I spiseomr\\u00e5det er det ogs\\u00e5 utstyrt med flatskjermer som kan brukes til visning av film eller bilder.</p>\", \"type\": \"paragraph\"}]"
  }
},
{
  "model": "home.homepage",
  "pk": 8,
  "fields": {
    "body": "[{\"value\": \"Kontakt oss\", \"type\": \"h1\"}, {\"value\": \"<p>Kristine Breiland Dalby</p><p>+47 90 91 98 12</p><p>kristine@klatrerosen.no</p>\", \"type\": \"paragraph\"}, {\"value\": \"<p>\\u00d8stbyveien 75</p><p>3280 Tjodalyng</p>\", \"type\": \"paragraph\"}, {\"value\": {\"html\": \"<div id=\\\"fb-root\\\"></div>\\r\\n<script>(function(d, s, id) {\\r\\n  var js, fjs = d.getElementsByTagName(s)[0];\\r\\n  if (d.getElementById(id)) return;\\r\\n  js = d.createElement(s); js.id = id;\\r\\n  js.src = \\\"//connect.facebook.net/en_US/sdk.js#xfbml=1&version=v2.8&appId=1789006337982746\\\";\\r\\n  fjs.parentNode.insertBefore(js, fjs);\\r\\n}(document, 'script', 'facebook-jssdk'));</script>\\r\\n\\r\\n<div class=\\\"fb-page\\\" data-href=\\\"https://www.facebook.com/aspargesgaarden/\\\" data-tabs=\\\"timeline\\\" data-width=\\\"680\\\" data-height=\\\"300\\\" data-small-header=\\\"false\\\" data-adapt-container-width=\\\"true\\\" data-hide-cover=\\\"false\\\" data-show-facepile=\\\"true\\\"><blockquote cite=\\\"https://www.facebook.com/aspargesgaarden/\\\" class=\\\"fb-xfbml-parse-ignore\\\"><a href=\\\"https://www.facebook.com/aspargesgaarden/\\\">Aspargesg\\u00e5rden</a></blockquote></div>\", \"alignment\": \"normal\"}, \"type\": \"aligned_html\"}]"
  }
}
]
